{"loss": 0.4294736385345459, "top1": 86.71875, "top5": 98.4375, "lr": 0.10000001, "_timestamp": 1666975185.8376694, "_runtime": 1694.1876003742218, "_step": 47319, "entropy_layer_0": 0.5088640855660785, "entropy_layer_1": 0.6053872966318357, "entropy_layer_2": 0.6192208221413367, "entropy_layer_3": 0.5136632700321708, "entropy_layer_4": 0.5679507307938267, "entropy_layer_5": 0.4583844859488931, "entropy_layer_6": 0.5578577466546826, "entropy_layer_7": 0.5957646987748381, "entropy_layer_8": 0.34551751936538694, "entropy_layer_9": 0.26232358391438804, "entropy_layer_10": 0.6814260879996259, "entropy_layer_11": 0.6829037809796199, "entropy_layer_12": 0.636729424779338}