{"loss": 2.3127365112304688, "top1": 14.84375, "top5": 63.28125, "lr": 0.10000001, "_timestamp": 1666972291.3332267, "_runtime": 65.71787571907043, "_step": 3}