{"loss": 1.7980594635009766, "top1": 32.03125, "top5": 85.9375, "lr": 0.10000001, "_timestamp": 1666966527.6019497, "_runtime": 105.35646080970764, "_step": 112}