{"loss": 1.6559123992919922, "_timestamp": 1666887768.6175175, "_runtime": 65.32269740104675, "_step": 133}