{"loss": 2.5177955627441406, "top1": 8.59375, "top5": 50.0, "lr": 0.10000001, "_timestamp": 1666966669.8731508, "_runtime": 20.42719292640686, "_step": 0}