{"loss": 2.23529052734375, "top1": 20.3125, "top5": 71.09375, "lr": 0.10000001, "_timestamp": 1666970217.608997, "_runtime": 109.89086103439331, "_step": 9}