{"loss": 2.4941864013671875, "top1": 9.375, "top5": 53.90625, "lr": 0.10000001, "_timestamp": 1666964913.354297, "_runtime": 12.359671831130981, "_step": 0}