{"loss": 2.1313209533691406, "top1": 17.1875, "top5": 72.65625, "lr": 0.10000001, "_timestamp": 1666969500.9746952, "_runtime": 24.620241165161133, "_step": 15}