{"loss": 1.3716225624084473, "top1": 53.90625, "top5": 91.40625, "lr": 0.10000001, "_timestamp": 1666964602.1974378, "_runtime": 31.894498825073242, "_step": 194}