{"loss": 2.517101287841797, "top1": 13.28125, "top5": 47.65625, "lr": 0.10000001, "_timestamp": 1666966842.4182448, "_runtime": 11.95540475845337, "_step": 0}