{"loss": 1.99383544921875, "top1": 25.0, "top5": 82.8125, "lr": 0.10000001, "_timestamp": 1666971345.3575635, "_runtime": 61.73557949066162, "_step": 28}