{"loss": 1.8713207244873047, "top1": 28.125, "top5": 85.9375, "lr": 0.10000001, "_timestamp": 1666975237.9211578, "_runtime": 41.26995491981506, "_step": 1479, "entropy_layer_00": 0.0015599327881840746, "entropy_layer_01": 0.004096506772745638, "entropy_layer_02": 0.01456944028235006, "entropy_layer_03": 0.013826635136766503, "entropy_layer_04": 0.040940488439798015, "entropy_layer_05": 0.03540476998014572, "entropy_layer_06": 0.07492373627723842, "entropy_layer_07": 0.07601623936174291, "entropy_layer_08": 0.046709673158720905, "entropy_layer_09": 0.037770204023819184, "entropy_layer_10": 0.6810911928707627, "entropy_layer_11": 0.0007869112360638583, "entropy_layer_12": 0.00024103436219676498}