{"loss": 2.519540786743164, "top1": 7.8125, "top5": 50.78125, "lr": 0.10000001, "_timestamp": 1666967098.6657176, "_runtime": 22.02984070777893, "_step": 0}