{"loss": 2.531982421875, "top1": 7.8125, "top5": 49.21875, "lr": 0.10000001, "_timestamp": 1666964805.2884698, "_runtime": 20.18850588798523, "_step": 0, "_wandb": {"runtime": 92}}