{"loss": 2.165630340576172, "top1": 23.4375, "top5": 65.625, "lr": 0.10000001, "_timestamp": 1666981277.8337855, "_runtime": 16.483874559402466, "_step": 9, "_wandb": {"runtime": 79}}