{"loss": 2.0677337646484375, "top1": 24.21875, "top5": 74.21875, "lr": 0.10000001, "_timestamp": 1666971098.8380919, "_runtime": 40.13023495674133, "_step": 34}