{"loss": 2.037628173828125, "top1": 18.75, "top5": 77.34375, "lr": 0.10000001, "_timestamp": 1666971145.1399753, "_runtime": 37.115591287612915, "_step": 37}