{"loss": 1.72334623336792, "top1": 35.15625, "top5": 89.84375, "lr": 0.10000001, "_timestamp": 1666972216.7830408, "_runtime": 56.97470664978027, "_step": 93}