{"loss": 1.8749504089355469, "_timestamp": 1666886828.1261666, "_runtime": 24.24748468399048, "_step": 100, "_wandb": {"runtime": 24}}