{"loss": 2.1239166259765625, "top1": 25.78125, "top5": 71.875, "lr": 0.10000001, "_timestamp": 1666969643.6432517, "_runtime": 28.27269673347473, "_step": 28}