{"loss": 2.2139434814453125, "top1": 16.40625, "top5": 66.40625, "lr": 0.10000001, "_timestamp": 1666981479.0346198, "_runtime": 16.638920783996582, "_step": 9}