{"loss": 0.4092603325843811, "_timestamp": 1666873850.77676, "_runtime": 2219.821971178055, "_step": 23399, "_wandb": {"runtime": 2222}}