{"loss": 2.115814208984375, "top1": 20.3125, "top5": 71.875, "lr": 0.10000001, "_timestamp": 1666969106.8004258, "_runtime": 17.511123657226562, "_step": 17}