{"loss": 1.9770240783691406, "top1": 26.5625, "top5": 78.90625, "lr": 0.10000001, "_timestamp": 1666971441.3074193, "_runtime": 33.68118619918823, "_step": 34}