{"loss": 1.9288711547851562, "top1": 27.34375, "top5": 78.125, "step": 106, "_timestamp": 1666887896.629434, "_runtime": 24.200309991836548, "_step": 106, "_wandb": {"runtime": 24}}