{"loss": 0.5339075922966003, "top1": 81.25, "top5": 99.21875, "lr": 0.10000001, "_timestamp": 1666976769.7850428, "_runtime": 1523.689219713211, "_step": 68903, "entropy_layer_00": 0.483005796250414, "entropy_layer_var_00": 0.03425815361506096, "entropy_layer_01": 0.614486828874988, "entropy_layer_var_01": 0.01151015015154891, "entropy_layer_02": 0.6287479665505296, "entropy_layer_var_02": 0.008677804655823726, "entropy_layer_03": 0.5317944928681824, "entropy_layer_var_03": 0.017781752143043728, "entropy_layer_04": 0.5772175917163296, "entropy_layer_var_04": 0.015156793402112779, "entropy_layer_05": 0.4982328291878218, "entropy_layer_var_05": 0.02019206674124238, "entropy_layer_06": 0.5680568810428663, "entropy_layer_var_06": 0.02550444681922702, "entropy_layer_07": 0.5529739066492854, "entropy_layer_var_07": 0.026706387727354966, "entropy_layer_08": 0.2905973090128046, "entropy_layer_var_08": 0.06261593948839161, "entropy_layer_09": 0.2343264367122644, "entropy_layer_var_09": 0.05781589557769916, "entropy_layer_10": 0.6845048228085632, "entropy_layer_var_10": 0.00011822344096500291, "entropy_layer_11": 0.6849975096564682, "entropy_layer_var_11": 0.00012853184071745494, "entropy_layer_12": 0.6353925789031576, "entropy_layer_var_12": 0.0018384833112411805}