{"loss": 0.4250822961330414, "top1": 84.375, "top5": 100.0, "lr": 0.10000001, "_timestamp": 1666980505.230697, "_runtime": 5259.134873867035, "_step": 216944, "entropy_layer_00": 0.5191541465579319, "entropy_layer_var_00": 0.027169843621575204, "entropy_layer_01": 0.6136578299793929, "entropy_layer_var_01": 0.010277798765926546, "entropy_layer_02": 0.6165344079754843, "entropy_layer_var_02": 0.012168078786683228, "entropy_layer_03": 0.4864862906604567, "entropy_layer_var_03": 0.018519372660643168, "entropy_layer_04": 0.54571813809396, "entropy_layer_var_04": 0.018144364169074848, "entropy_layer_05": 0.39861823311983546, "entropy_layer_var_05": 0.0258334229211744, "entropy_layer_06": 0.5115962783940616, "entropy_layer_var_06": 0.022297661021407327, "entropy_layer_07": 0.5843783182044711, "entropy_layer_var_07": 0.017541201212732154, "entropy_layer_08": 0.5394854936177231, "entropy_layer_var_08": 0.033441126774694345, "entropy_layer_09": 0.3987884927432929, "entropy_layer_var_09": 0.06294038787790895, "entropy_layer_10": 0.5800433300077191, "entropy_layer_var_10": 0.016070658775894503, "entropy_layer_11": 0.5951897306647599, "entropy_layer_var_11": 0.01704349447326594, "entropy_layer_12": 0.6624069054812677, "entropy_layer_var_12": 0.0018643819996930228, "_wandb": {"runtime": 5259}}