{"loss": 2.1964111328125, "top1": 20.3125, "top5": 67.1875, "lr": 0.10000001, "_timestamp": 1666981246.7190328, "_runtime": 26.296703815460205, "_step": 9}