{"loss": 0.4702003598213196, "top1": 86.71875, "top5": 100.0, "step": 11, "_timestamp": 1666888364.5011911, "_runtime": 453.30176615715027, "_step": 3911}