{"loss": 0.5209616422653198, "top1": 82.03125, "top5": 100.0, "step": 202, "_timestamp": 1666888382.6729536, "_runtime": 471.47352862358093, "_step": 4102}