{"loss": 2.540435791015625, "top1": 7.8125, "top5": 48.4375, "lr": 0.10000001, "_timestamp": 1666966714.1126432, "_runtime": 12.298811197280884, "_step": 0}