{"loss": 2.5020408630371094, "top1": 9.375, "top5": 49.21875, "lr": 0.10000001, "_timestamp": 1666966548.8568506, "_runtime": 11.656460523605347, "_step": 0}