{"loss": 2.304454803466797, "top1": 14.84375, "top5": 58.59375, "lr": 0.10000001, "_timestamp": 1666969347.5817304, "_runtime": 29.51612639427185, "_step": 11}