{"loss": 0.7493933439254761, "top1": 78.125, "top5": 99.21875, "lr": 0.10000001, "_timestamp": 1666981778.7846332, "_runtime": 244.01970720291138, "_step": 1558, "entropy_layer_00": {"_type": "histogram", "values": [262, 33, 196, 236, 250, 94, 95, 172, 223, 289, 377, 589, 845, 1013, 1233, 1564, 1772, 2033, 2159, 2192, 2392, 2531, 2605, 2830, 2774, 2516, 2864, 3278, 4721, 5652, 5880, 11866], "bins": [-9.999999889225291e-09, 0.0216608390799984, 0.043321688159996694, 0.06498253723999499, 0.08664338631999328, 0.10830423539999158, 0.12996508447998986, 0.15162593355998816, 0.17328678263998645, 0.19494763171998475, 0.21660848079998304, 0.23826932987998134, 0.2599301789599796, 0.28159102803997793, 0.3032518771199762, 0.3249127261999745, 0.3465735752799728, 0.36823442435997106, 0.3898952734399694, 0.41155612251996765, 0.43321697159996597, 0.45487782067996424, 0.47653866975996256, 0.49819951883996083, 0.519860367919959, 0.5415212169999574, 0.5631820660799557, 0.5848429151599539, 0.6065037642399522, 0.6281646133199505, 0.6498254623999489, 0.6714863114799471, 0.6931471605599454]}, "entropy_layer_01": {"_type": "histogram", "values": [8, 16, 4, 4, 10, 12, 34, 13, 20, 34, 41, 52, 79, 120, 173, 252, 209, 207, 291, 302, 503, 536, 724, 1018, 1307, 1602, 2738, 3839, 5121, 6004, 9885, 30378], "bins": [-9.999999889225291e-09, 0.0216608390799984, 0.043321688159996694, 0.06498253723999499, 0.08664338631999328, 0.10830423539999158, 0.12996508447998986, 0.15162593355998816, 0.17328678263998645, 0.19494763171998475, 0.21660848079998304, 0.23826932987998134, 0.2599301789599796, 0.28159102803997793, 0.3032518771199762, 0.3249127261999745, 0.3465735752799728, 0.36823442435997106, 0.3898952734399694, 0.41155612251996765, 0.43321697159996597, 0.45487782067996424, 0.47653866975996256, 0.49819951883996083, 0.519860367919959, 0.5415212169999574, 0.5631820660799557, 0.5848429151599539, 0.6065037642399522, 0.6281646133199505, 0.6498254623999489, 0.6714863114799471, 0.6931471605599454]}, "entropy_layer_02": {"_type": "histogram", "values": [45, 21, 27, 19, 32, 62, 51, 38, 44, 69, 69, 82, 86, 95, 67, 105, 142, 174, 156, 234, 320, 361, 469, 606, 749, 881, 1196, 1506, 1995, 2873, 4745, 15449], "bins": [-9.999999889225291e-09, 0.0216608390799984, 0.043321688159996694, 0.06498253723999499, 0.08664338631999328, 0.10830423539999158, 0.12996508447998986, 0.15162593355998816, 0.17328678263998645, 0.19494763171998475, 0.21660848079998304, 0.23826932987998134, 0.2599301789599796, 0.28159102803997793, 0.3032518771199762, 0.3249127261999745, 0.3465735752799728, 0.36823442435997106, 0.3898952734399694, 0.41155612251996765, 0.43321697159996597, 0.45487782067996424, 0.47653866975996256, 0.49819951883996083, 0.519860367919959, 0.5415212169999574, 0.5631820660799557, 0.5848429151599539, 0.6065037642399522, 0.6281646133199505, 0.6498254623999489, 0.6714863114799471, 0.6931471605599454]}, "entropy_layer_03": {"_type": "histogram", "values": [19, 11, 9, 10, 10, 16, 15, 44, 33, 43, 43, 61, 78, 108, 136, 167, 230, 281, 321, 376, 385, 507, 688, 940, 1128, 1577, 1847, 2229, 2668, 3794, 5138, 9856], "bins": [-9.999999889225291e-09, 0.0216608390799984, 0.043321688159996694, 0.06498253723999499, 0.08664338631999328, 0.10830423539999158, 0.12996508447998986, 0.15162593355998816, 0.17328678263998645, 0.19494763171998475, 0.21660848079998304, 0.23826932987998134, 0.2599301789599796, 0.28159102803997793, 0.3032518771199762, 0.3249127261999745, 0.3465735752799728, 0.36823442435997106, 0.3898952734399694, 0.41155612251996765, 0.43321697159996597, 0.45487782067996424, 0.47653866975996256, 0.49819951883996083, 0.519860367919959, 0.5415212169999574, 0.5631820660799557, 0.5848429151599539, 0.6065037642399522, 0.6281646133199505, 0.6498254623999489, 0.6714863114799471, 0.6931471605599454]}, "entropy_layer_04": {"_type": "histogram", "values": [42, 30, 24, 24, 30, 37, 28, 42, 42, 49, 44, 40, 51, 77, 80, 100, 110, 123, 137, 160, 192, 246, 260, 365, 414, 531, 767, 920, 1244, 1702, 2383, 6090], "bins": [-9.999999889225291e-09, 0.0216608390799984, 0.043321688159996694, 0.06498253723999499, 0.08664338631999328, 0.10830423539999158, 0.12996508447998986, 0.15162593355998816, 0.17328678263998645, 0.19494763171998475, 0.21660848079998304, 0.23826932987998134, 0.2599301789599796, 0.28159102803997793, 0.3032518771199762, 0.3249127261999745, 0.3465735752799728, 0.36823442435997106, 0.3898952734399694, 0.41155612251996765, 0.43321697159996597, 0.45487782067996424, 0.47653866975996256, 0.49819951883996083, 0.519860367919959, 0.5415212169999574, 0.5631820660799557, 0.5848429151599539, 0.6065037642399522, 0.6281646133199505, 0.6498254623999489, 0.6714863114799471, 0.6931471605599454]}, "entropy_layer_05": {"_type": "histogram", "values": [6, 8, 4, 12, 11, 13, 16, 21, 30, 30, 36, 33, 50, 50, 65, 74, 96, 101, 111, 177, 182, 246, 326, 429, 526, 692, 890, 1118, 1423, 1827, 2463, 5318], "bins": [-9.999999889225291e-09, 0.0216608390799984, 0.043321688159996694, 0.06498253723999499, 0.08664338631999328, 0.10830423539999158, 0.12996508447998986, 0.15162593355998816, 0.17328678263998645, 0.19494763171998475, 0.21660848079998304, 0.23826932987998134, 0.2599301789599796, 0.28159102803997793, 0.3032518771199762, 0.3249127261999745, 0.3465735752799728, 0.36823442435997106, 0.3898952734399694, 0.41155612251996765, 0.43321697159996597, 0.45487782067996424, 0.47653866975996256, 0.49819951883996083, 0.519860367919959, 0.5415212169999574, 0.5631820660799557, 0.5848429151599539, 0.6065037642399522, 0.6281646133199505, 0.6498254623999489, 0.6714863114799471, 0.6931471605599454]}, "entropy_layer_06": {"_type": "histogram", "values": [495, 132, 106, 99, 132, 111, 91, 113, 113, 107, 103, 102, 108, 107, 104, 115, 126, 111, 100, 118, 152, 169, 152, 224, 203, 253, 280, 302, 444, 549, 754, 2117], "bins": [-9.999999889225291e-09, 0.0216608390799984, 0.043321688159996694, 0.06498253723999499, 0.08664338631999328, 0.10830423539999158, 0.12996508447998986, 0.15162593355998816, 0.17328678263998645, 0.19494763171998475, 0.21660848079998304, 0.23826932987998134, 0.2599301789599796, 0.28159102803997793, 0.3032518771199762, 0.3249127261999745, 0.3465735752799728, 0.36823442435997106, 0.3898952734399694, 0.41155612251996765, 0.43321697159996597, 0.45487782067996424, 0.47653866975996256, 0.49819951883996083, 0.519860367919959, 0.5415212169999574, 0.5631820660799557, 0.5848429151599539, 0.6065037642399522, 0.6281646133199505, 0.6498254623999489, 0.6714863114799471, 0.6931471605599454]}, "entropy_layer_07": {"_type": "histogram", "values": [479, 168, 174, 126, 169, 119, 129, 108, 114, 133, 140, 131, 146, 150, 147, 143, 161, 162, 181, 158, 202, 198, 178, 231, 235, 238, 326, 331, 387, 451, 626, 1551], "bins": [-9.999999889225291e-09, 0.0216608390799984, 0.043321688159996694, 0.06498253723999499, 0.08664338631999328, 0.10830423539999158, 0.12996508447998986, 0.15162593355998816, 0.17328678263998645, 0.19494763171998475, 0.21660848079998304, 0.23826932987998134, 0.2599301789599796, 0.28159102803997793, 0.3032518771199762, 0.3249127261999745, 0.3465735752799728, 0.36823442435997106, 0.3898952734399694, 0.41155612251996765, 0.43321697159996597, 0.45487782067996424, 0.47653866975996256, 0.49819951883996083, 0.519860367919959, 0.5415212169999574, 0.5631820660799557, 0.5848429151599539, 0.6065037642399522, 0.6281646133199505, 0.6498254623999489, 0.6714863114799471, 0.6931471605599454]}, "entropy_layer_08": {"_type": "histogram", "values": [1099, 68, 68, 52, 45, 31, 31, 36, 27, 30, 28, 19, 39, 31, 29, 22, 19, 19, 27, 21, 24, 16, 16, 20, 21, 23, 16, 25, 28, 27, 25, 66],