{"loss": 1.9878978729248047, "top1": 21.09375, "top5": 83.59375, "lr": 0.10000001, "_timestamp": 1666967037.5271766, "_runtime": 20.937132596969604, "_step": 60}