{"loss": 2.509683609008789, "top1": 10.9375, "top5": 44.53125, "lr": 0.10000001, "_timestamp": 1666966609.431725, "_runtime": 11.78206205368042, "_step": 0}