{"loss": 2.2871856689453125, "top1": 14.84375, "top5": 50.78125, "lr": 0.10000001, "_timestamp": 1666981168.7318523, "_runtime": 29.65475630760193, "_step": 9, "_wandb": {"runtime": 32}}