{"loss": 1.8841838836669922, "top1": 35.15625, "top5": 80.46875, "lr": 0.10000001, "_timestamp": 1666973233.2086802, "_runtime": 87.078045129776, "_step": 965, "entropy_layer_0": {"_type": "histogram", "values": [1, 1, 0, 1, 1, 3, 0, 9, 19, 10, 8, 6, 10, 21, 26, 19, 33, 52, 52, 136, 104, 167, 273, 497, 810, 1448, 1189, 2002, 2632, 5157, 12719, 38130], "bins": [0.04627645896430401, 0.0664911683891678, 0.08670587781403159, 0.10692058723889539, 0.12713529666375917, 0.14735000608862298, 0.16756471551348676, 0.18777942493835056, 0.20799413436321434, 0.22820884378807813, 0.24842355321294193, 0.2686382626378057, 0.28885297206266947, 0.3090676814875333, 0.3292823909123971, 0.34949710033726084, 0.36971180976212464, 0.38992651918698845, 0.4101412286118522, 0.430355938036716, 0.4505706474615798, 0.4707853568864436, 0.4910000663113074, 0.5112147757361712, 0.5314294851610349, 0.5516441945858988, 0.5718589040107626, 0.5920736134356264, 0.6122883228604902, 0.6325030322853539, 0.6527177417102177, 0.6729324511350815, 0.6931471605599453]}, "entropy_layer_1": {"_type": "histogram", "values": [68, 0, 44, 55, 0, 50, 33, 48, 81, 69, 114, 107, 108, 109, 109, 226, 124, 148, 335, 270, 347, 451, 532, 638, 755, 1404, 1345, 2669, 5160, 7097, 11020, 32020], "bins": [-9.999999889225291e-09, 0.02166083907999838, 0.04332168815999665, 0.06498253723999493, 0.0866433863199932, 0.10830423539999147, 0.12996508447998975, 0.15162593355998802, 0.1732867826399863, 0.19494763171998455, 0.21660848079998282, 0.2382693298799811, 0.2599301789599794, 0.28159102803997765, 0.3032518771199759, 0.3249127261999742, 0.34657357527997246, 0.3682344243599707, 0.389895273439969, 0.41155612251996726, 0.43321697159996553, 0.4548778206799638, 0.47653866975996206, 0.49819951883996033, 0.5198603679199586, 0.5415212169999568, 0.5631820660799551, 0.5848429151599533, 0.6065037642399517, 0.6281646133199499, 0.6498254623999482, 0.6714863114799464, 0.6931471605599447]}, "entropy_layer_2": {"_type": "histogram", "values": [490, 0, 216, 188, 0, 182, 160, 147, 117, 110, 104, 127, 123, 105, 125, 195, 124, 119, 261, 178, 240, 274, 291, 302, 398, 626, 566, 1005, 1771, 2552, 4449, 17223], "bins": [-9.999999889225291e-09, 0.021660839079998405, 0.0433216881599967, 0.064982537239995, 0.0866433863199933, 0.1083042353999916, 0.1299650844799899, 0.15162593355998819, 0.17328678263998648, 0.19494763171998478, 0.21660848079998307, 0.23826932987998137, 0.25993017895997966, 0.281591028039978, 0.30325187711997625, 0.3249127261999745, 0.34657357527997285, 0.36823442435997117, 0.38989527343996944, 0.4115561225199677, 0.433216971599966, 0.45487782067996435, 0.4765386697599626, 0.4981995188399609, 0.5198603679199592, 0.5415212169999575, 0.5631820660799558, 0.584842915159954, 0.6065037642399523, 0.6281646133199507, 0.6498254623999489, 0.6714863114799472, 0.6931471605599455]}, "entropy_layer_3": {"_type": "histogram", "values": [336, 0, 175, 110, 0, 109, 90, 125, 109, 109, 128, 113, 135, 143, 151, 291, 137, 129, 317, 217, 260, 347, 368, 398, 485, 880, 775, 1269, 2118, 2591, 4188, 16165], "bins": [-9.999999889225291e-09, 0.021660839079998336, 0.04332168815999656, 0.0649825372399948, 0.08664338631999302, 0.10830423539999125, 0.12996508447998947, 0.1516259335599877, 0.17328678263998593, 0.19494763171998414, 0.21660848079998238, 0.23826932987998062, 0.25993017895997883, 0.28159102803997704, 0.3032518771199753, 0.3249127261999735, 0.34657357527997174, 0.36823442435996995, 0.38989527343996816, 0.4115561225199664, 0.43321697159996464, 0.45487782067996285, 0.4765386697599611, 0.49819951883995933, 0.5198603679199575, 0.5415212169999557, 0.5631820660799539, 0.5848429151599521, 0.6065037642399504, 0.6281646133199487, 0.6498254623999469, 0.6714863114799451, 0.6931471605599433]}, "entropy_layer_4": {"_type": "histogram", "values": [1128, 0, 270, 214, 0, 149, 180, 109, 148, 142, 122, 128, 138, 118, 108, 216, 123, 119, 213, 148, 204, 246, 254, 288, 291, 463, 364, 581, 824, 1101, 1775, 6220], "bins": [-9.999999889225291e-09, 0.021660839079998377, 0.043321688159996645, 0.06498253723999492, 0.08664338631999319, 0.10830423539999146, 0.12996508447998972, 0.151625933559988, 0.17328678263998626, 0.19494763171998453, 0.2166084807999828, 0.23826932987998106, 0.25993017895997933, 0.2815910280399776, 0.30325187711997587, 0.32491272619997413, 0.3465735752799724, 0.36823442435997067, 0.38989527343996894, 0.4115561225199672, 0.4332169715999655, 0.45487782067996374, 0.476538669759962, 0.4981995188399603, 0.5198603679199585, 0.5415212169999568, 0.563182066079955, 0.5848429151599532, 0.6065037642399516, 0.6281646133199499, 0.6498254623999481, 0.6714863114799463, 0.6931471605599446]}, "entropy_layer_5": {"_type": "histogram", "values": [1113, 0, 237, 187, 0, 170, 172, 152, 140, 138, 150, 123, 143, 108, 135, 223, 134, 127, 265, 161, 213, 261, 255, 313, 341, 468, 383, 607, 976, 1046, 1611, 6032], "bins": [-9.999999889225291e-09, 0.021660839079998398, 0.04332168815999669, 0.06498253723999498, 0.08664338631999327, 0.10830423539999157, 0.12996508447998983, 0.15162593355998813, 0.17328678263998643, 0.19494763171998472, 0.21660848079998302, 0.23826932987998128, 0.25993017895997955, 0.2815910280399779, 0.30325187711997614, 0.32491272619997447, 0.34657357527997273, 0.368234424359971, 0.3898952734399693, 0.4115561225199676, 0.4332169715999659, 0.4548778206799642, 0.47653866975996245, 0.4981995188399608, 0.5198603679199589, 0.5415212169999573, 0.5631820660799556, 0.5848429151599539, 0.6065037642399521, 0.6281646133199504, 0.6498254623999488, 0.671486311479947, 0.6931471605599453]}, "entropy_layer_6": {"_type": "histogram", "values": [2610, 0, 361, 256, 0, 223, 156, 179, 138, 139, 91, 113, 127, 88, 94, 158, 70, 81, 165, 95, 132, 130, 125, 133, 138, 215, 144, 200, 281, 256, 343, 951], "bins": [-9.999999889225291e-09, 0.021660839079942467, 0.043321688159884825, 0.06498253723982719, 0.08664338631976955, 0.1083042353997119, 0.12996508447965427, 0.1516259335595966, 0.17328678263953898, 0.19494763171948135, 0.21660848079942369, 0.23826932987936605, 0.2599301789593084, 0.2815910280392508, 0.3032518771191931, 0.32491272619913547, 0.34657357527907784, 0.3682344243590202, 0.3898952734389626, 0.4115561225189049, 0.43321697159884726, 0.4548778206787896, 0.476538669758732, 0.49819951883867436, 0.5198603679186167, 0.541521216998559, 0.5631820660785014, 0.5848429151584437, 0.606503764238386, 0.6281646133183284, 0.6498254623982708, 0.6714863114782131, 0.6931471605581555]}, "entropy_layer_7": {"_type": "histogram", "values": [3108, 0, 360, 263, 0, 194, 167, 132, 122, 98, 122, 94, 114, 102, 80, 147, 80, 85, 139, 82, 117, 123, 127, 126, 107, 177, 151, 162, 237, 251, 319, 806], "bins": [-9.999999889225291e-09, 0.02166083907965405, 0.04332168815930799, 0.06498253723896194, 0.08664338631861587, 0.1083042353982698, 0.12996508447792376, 0.1516259335575777, 0.17328678263723163, 0.19494763171688556, 0.2166084807965395, 0.23826932987619345, 0.2599301789558474, 0.28159102803550135, 0.3032518771151553, 0.3249127261948092, 0.34657357527446314, 0.3682344243541171, 0.389895273433771, 0.41155612251342494, 0.43321697159307887, 0.45487782067273286, 0.4765386697523868, 0.4981995188320407, 0.5198603679116947, 0.5415212169913486, 0.5631820660710025, 0.5848429151506565, 0.6065037642303104, 0.6281646133099643, 0.6498254623896182, 0.6714863114692722, 0.6931471605489261]}, "entropy_layer_8": {"_type": "histogram", "values": [1609, 0, 45, 17, 0, 17, 7, 15, 10, 13, 5, 11, 6, 6, 12, 11, 16, 6, 10, 14, 9, 7, 6, 7, 3, 16, 11, 17, 14, 25, 34, 69],