{"loss": 2.360260009765625, "top1": 16.40625, "top5": 64.84375, "lr": 0.10000001, "_timestamp": 1666971273.650702, "_runtime": 28.824753999710083, "_step": 6}