{"loss": 2.1608810424804688, "top1": 20.3125, "top5": 71.09375, "lr": 0.10000001, "_timestamp": 1666981427.3787763, "_runtime": 25.102588415145874, "_step": 9}