{"loss": 1.9035987854003906, "top1": 28.125, "top5": 84.375, "lr": 0.10000001, "_timestamp": 1666971489.0363142, "_runtime": 38.906243324279785, "_step": 55}