{"loss": 1.8928489685058594, "top1": 28.90625, "top5": 82.03125, "lr": 0.10000001, "_timestamp": 1666969765.886004, "_runtime": 32.13424205780029, "_step": 40}